"Tidsmerke","Hvilken øvingsforelesning følger du?","Hvor i ""øvingskalenderen"" ønsker du øvingsforelesningen skal være?

Gitt at innlevering for  øving 2 er fredag i uke 2, og innlevering for øving 3 er fredag i uke 3. ","Hvordan synes du tiden til å løse oppgaver i øvingsforelesningen er?"
"2022/09/02 2:18:40 p.m. EET","Fredag","Øvingsforelesning fredag uke 2 og mandag uke 3 med tema knyttet til øving 3 (bare 4 dager fra mandags-øf til innlevering. 7 dager fra fredags-øf)","3"
"2022/09/02 2:18:46 p.m. EET","Fredag","Øvingsforelesning fredag uke 1 og mandag uke 2 med tema knyttet til øving 3 (11 dager fra mandags-øf til innlevering. 14 dager fra fredags-øf))","3"
"2022/09/02 2:18:57 p.m. EET","Fredag","Blanding av de to forrige alternativene, 50% innhold til øvingen som har innlevering om under en uke, og 50% innhold til neste.","3"
"2022/09/02 2:18:59 p.m. EET","Fredag","Øvingsforelesning fredag uke 2 og mandag uke 3 med tema knyttet til øving 3 (bare 4 dager fra mandags-øf til innlevering. 7 dager fra fredags-øf)","1"
"2022/09/02 2:19:01 p.m. EET","Fredag","Øvingsforelesning fredag uke 2 og mandag uke 3 med tema knyttet til øving 3 (bare 4 dager fra mandags-øf til innlevering. 7 dager fra fredags-øf)","3"
"2022/09/02 2:19:01 p.m. EET","Fredag","","3"
"2022/09/02 2:19:01 p.m. EET","Fredag","Blanding av de to forrige alternativene, 50% innhold til øvingen som har innlevering om under en uke, og 50% innhold til neste.","3"
"2022/09/02 2:19:02 p.m. EET","Fredag","Øvingsforelesning fredag uke 2 og mandag uke 3 med tema knyttet til øving 3 (bare 4 dager fra mandags-øf til innlevering. 7 dager fra fredags-øf)","3"
"2022/09/02 2:19:04 p.m. EET","Fredag","Øvingsforelesning fredag uke 2 og mandag uke 3 med tema knyttet til øving 3 (bare 4 dager fra mandags-øf til innlevering. 7 dager fra fredags-øf)","1"
"2022/09/02 2:19:09 p.m. EET","Fredag","Øvingsforelesning fredag uke 1 og mandag uke 2 med tema knyttet til øving 3 (11 dager fra mandags-øf til innlevering. 14 dager fra fredags-øf))","3"
"2022/09/02 2:19:09 p.m. EET","Fredag","Øvingsforelesning fredag uke 1 og mandag uke 2 med tema knyttet til øving 3 (11 dager fra mandags-øf til innlevering. 14 dager fra fredags-øf))",""
"2022/09/02 2:19:10 p.m. EET","Fredag","Øvingsforelesning fredag uke 1 og mandag uke 2 med tema knyttet til øving 3 (11 dager fra mandags-øf til innlevering. 14 dager fra fredags-øf))","3"
"2022/09/02 2:19:15 p.m. EET","Fredag","Blanding av de to forrige alternativene, 50% innhold til øvingen som har innlevering om under en uke, og 50% innhold til neste.","3"
"2022/09/02 2:19:15 p.m. EET","Fredag","Øvingsforelesning fredag uke 2 og mandag uke 3 med tema knyttet til øving 3 (bare 4 dager fra mandags-øf til innlevering. 7 dager fra fredags-øf)","2"
"2022/09/02 2:19:15 p.m. EET","Fredag","Øvingsforelesning fredag uke 2 og mandag uke 3 med tema knyttet til øving 3 (bare 4 dager fra mandags-øf til innlevering. 7 dager fra fredags-øf)","2"
"2022/09/02 2:19:17 p.m. EET","Fredag","Øvingsforelesning fredag uke 1 og mandag uke 2 med tema knyttet til øving 3 (11 dager fra mandags-øf til innlevering. 14 dager fra fredags-øf))","2"
"2022/09/02 2:19:18 p.m. EET","Fredag","Blanding av de to forrige alternativene, 50% innhold til øvingen som har innlevering om under en uke, og 50% innhold til neste.","3"
"2022/09/02 2:19:18 p.m. EET","Fredag","Øvingsforelesning fredag uke 1 og mandag uke 2 med tema knyttet til øving 3 (11 dager fra mandags-øf til innlevering. 14 dager fra fredags-øf))","2"
"2022/09/02 2:19:20 p.m. EET","Fredag","Øvingsforelesning fredag uke 1 og mandag uke 2 med tema knyttet til øving 3 (11 dager fra mandags-øf til innlevering. 14 dager fra fredags-øf))","4"
"2022/09/02 2:19:23 p.m. EET","Fredag","Øvingsforelesning fredag uke 2 og mandag uke 3 med tema knyttet til øving 3 (bare 4 dager fra mandags-øf til innlevering. 7 dager fra fredags-øf)","3"
"2022/09/02 2:19:34 p.m. EET","Fredag","Blanding av de to forrige alternativene, 50% innhold til øvingen som har innlevering om under en uke, og 50% innhold til neste.","1"
"2022/09/02 2:19:36 p.m. EET","Fredag","Øvingsforelesning fredag uke 2 og mandag uke 3 med tema knyttet til øving 3 (bare 4 dager fra mandags-øf til innlevering. 7 dager fra fredags-øf)","3"
"2022/09/02 2:19:36 p.m. EET","Fredag","Øvingsforelesning fredag uke 1 og mandag uke 2 med tema knyttet til øving 3 (11 dager fra mandags-øf til innlevering. 14 dager fra fredags-øf))","4"
"2022/09/02 2:19:37 p.m. EET","Fredag","Øvingsforelesning fredag uke 1 og mandag uke 2 med tema knyttet til øving 3 (11 dager fra mandags-øf til innlevering. 14 dager fra fredags-øf))","3"
"2022/09/02 2:19:38 p.m. EET","Fredag","Øvingsforelesning fredag uke 2 og mandag uke 3 med tema knyttet til øving 3 (bare 4 dager fra mandags-øf til innlevering. 7 dager fra fredags-øf)",""
"2022/09/02 2:19:38 p.m. EET","Fredag","Øvingsforelesning fredag uke 2 og mandag uke 3 med tema knyttet til øving 3 (bare 4 dager fra mandags-øf til innlevering. 7 dager fra fredags-øf)","2"
"2022/09/02 2:19:38 p.m. EET","Fredag","Øvingsforelesning fredag uke 1 og mandag uke 2 med tema knyttet til øving 3 (11 dager fra mandags-øf til innlevering. 14 dager fra fredags-øf))","3"
"2022/09/02 2:19:38 p.m. EET","Fredag","Blanding av de to forrige alternativene, 50% innhold til øvingen som har innlevering om under en uke, og 50% innhold til neste.","3"
"2022/09/02 2:19:38 p.m. EET","Fredag","Blanding av de to forrige alternativene, 50% innhold til øvingen som har innlevering om under en uke, og 50% innhold til neste.","3"
"2022/09/02 2:19:40 p.m. EET","Fredag","Øvingsforelesning fredag uke 2 og mandag uke 3 med tema knyttet til øving 3 (bare 4 dager fra mandags-øf til innlevering. 7 dager fra fredags-øf)","3"
"2022/09/02 2:19:40 p.m. EET","Fredag","Øvingsforelesning fredag uke 2 og mandag uke 3 med tema knyttet til øving 3 (bare 4 dager fra mandags-øf til innlevering. 7 dager fra fredags-øf)","3"
"2022/09/02 2:19:41 p.m. EET","Fredag","Øvingsforelesning fredag uke 1 og mandag uke 2 med tema knyttet til øving 3 (11 dager fra mandags-øf til innlevering. 14 dager fra fredags-øf))","3"
"2022/09/02 2:19:42 p.m. EET","Fredag","Øvingsforelesning fredag uke 1 og mandag uke 2 med tema knyttet til øving 3 (11 dager fra mandags-øf til innlevering. 14 dager fra fredags-øf))","3"
"2022/09/02 2:19:42 p.m. EET","Fredag","Øvingsforelesning fredag uke 1 og mandag uke 2 med tema knyttet til øving 3 (11 dager fra mandags-øf til innlevering. 14 dager fra fredags-øf))","3"
"2022/09/02 2:19:43 p.m. EET","Fredag","Øvingsforelesning fredag uke 1 og mandag uke 2 med tema knyttet til øving 3 (11 dager fra mandags-øf til innlevering. 14 dager fra fredags-øf))","3"
"2022/09/02 2:19:44 p.m. EET","Fredag","Blanding av de to forrige alternativene, 50% innhold til øvingen som har innlevering om under en uke, og 50% innhold til neste.",""
"2022/09/02 2:19:45 p.m. EET","Fredag","Øvingsforelesning fredag uke 1 og mandag uke 2 med tema knyttet til øving 3 (11 dager fra mandags-øf til innlevering. 14 dager fra fredags-øf))","2"
"2022/09/02 2:19:46 p.m. EET","Fredag","Øvingsforelesning fredag uke 2 og mandag uke 3 med tema knyttet til øving 3 (bare 4 dager fra mandags-øf til innlevering. 7 dager fra fredags-øf)","3"
"2022/09/02 2:19:46 p.m. EET","Fredag","Øvingsforelesning fredag uke 2 og mandag uke 3 med tema knyttet til øving 3 (bare 4 dager fra mandags-øf til innlevering. 7 dager fra fredags-øf)","3"
"2022/09/02 2:19:47 p.m. EET","Mandag - Fysisk","Øvingsforelesning fredag uke 1 og mandag uke 2 med tema knyttet til øving 3 (11 dager fra mandags-øf til innlevering. 14 dager fra fredags-øf))","3"
"2022/09/02 2:19:48 p.m. EET","Fredag","Øvingsforelesning fredag uke 1 og mandag uke 2 med tema knyttet til øving 3 (11 dager fra mandags-øf til innlevering. 14 dager fra fredags-øf))","3"
"2022/09/02 2:19:49 p.m. EET","Fredag","Øvingsforelesning fredag uke 2 og mandag uke 3 med tema knyttet til øving 3 (bare 4 dager fra mandags-øf til innlevering. 7 dager fra fredags-øf)","2"
"2022/09/02 2:19:50 p.m. EET","Fredag","Øvingsforelesning fredag uke 1 og mandag uke 2 med tema knyttet til øving 3 (11 dager fra mandags-øf til innlevering. 14 dager fra fredags-øf))","4"
"2022/09/02 2:19:52 p.m. EET","Fredag","Øvingsforelesning fredag uke 2 og mandag uke 3 med tema knyttet til øving 3 (bare 4 dager fra mandags-øf til innlevering. 7 dager fra fredags-øf)","3"
"2022/09/02 2:19:52 p.m. EET","Fredag","Blanding av de to forrige alternativene, 50% innhold til øvingen som har innlevering om under en uke, og 50% innhold til neste.","3"
"2022/09/02 2:19:53 p.m. EET","Fredag","Øvingsforelesning fredag uke 2 og mandag uke 3 med tema knyttet til øving 3 (bare 4 dager fra mandags-øf til innlevering. 7 dager fra fredags-øf)","3"
"2022/09/02 2:19:53 p.m. EET","Fredag","Øvingsforelesning fredag uke 1 og mandag uke 2 med tema knyttet til øving 3 (11 dager fra mandags-øf til innlevering. 14 dager fra fredags-øf))","3"
"2022/09/02 2:19:53 p.m. EET","Fredag","Øvingsforelesning fredag uke 2 og mandag uke 3 med tema knyttet til øving 3 (bare 4 dager fra mandags-øf til innlevering. 7 dager fra fredags-øf)","3"
"2022/09/02 2:19:55 p.m. EET","Fredag","Blanding av de to forrige alternativene, 50% innhold til øvingen som har innlevering om under en uke, og 50% innhold til neste.","3"
"2022/09/02 2:19:55 p.m. EET","Fredag","Øvingsforelesning fredag uke 2 og mandag uke 3 med tema knyttet til øving 3 (bare 4 dager fra mandags-øf til innlevering. 7 dager fra fredags-øf)","3"
"2022/09/02 2:19:56 p.m. EET","Fredag","Blanding av de to forrige alternativene, 50% innhold til øvingen som har innlevering om under en uke, og 50% innhold til neste.",""
"2022/09/02 2:19:56 p.m. EET","Fredag","Blanding av de to forrige alternativene, 50% innhold til øvingen som har innlevering om under en uke, og 50% innhold til neste.","3"
"2022/09/02 2:19:56 p.m. EET","Fredag","Blanding av de to forrige alternativene, 50% innhold til øvingen som har innlevering om under en uke, og 50% innhold til neste.","2"
"2022/09/02 2:19:57 p.m. EET","Fredag","Blanding av de to forrige alternativene, 50% innhold til øvingen som har innlevering om under en uke, og 50% innhold til neste.","2"
"2022/09/02 2:19:58 p.m. EET","Fredag","Blanding av de to forrige alternativene, 50% innhold til øvingen som har innlevering om under en uke, og 50% innhold til neste.","3"
"2022/09/02 2:20:00 p.m. EET","Fredag","Øvingsforelesning fredag uke 2 og mandag uke 3 med tema knyttet til øving 3 (bare 4 dager fra mandags-øf til innlevering. 7 dager fra fredags-øf)","2"
"2022/09/02 2:20:01 p.m. EET","Fredag","Øvingsforelesning fredag uke 1 og mandag uke 2 med tema knyttet til øving 3 (11 dager fra mandags-øf til innlevering. 14 dager fra fredags-øf))","3"
"2022/09/02 2:20:02 p.m. EET","Fredag","Øvingsforelesning fredag uke 1 og mandag uke 2 med tema knyttet til øving 3 (11 dager fra mandags-øf til innlevering. 14 dager fra fredags-øf))","3"
"2022/09/02 2:20:02 p.m. EET","Fredag","Blanding av de to forrige alternativene, 50% innhold til øvingen som har innlevering om under en uke, og 50% innhold til neste.","3"
"2022/09/02 2:20:03 p.m. EET","Fredag","Blanding av de to forrige alternativene, 50% innhold til øvingen som har innlevering om under en uke, og 50% innhold til neste.","3"
"2022/09/02 2:20:03 p.m. EET","Fredag","Øvingsforelesning fredag uke 1 og mandag uke 2 med tema knyttet til øving 3 (11 dager fra mandags-øf til innlevering. 14 dager fra fredags-øf))","3"
"2022/09/02 2:20:03 p.m. EET","Fredag","Øvingsforelesning fredag uke 2 og mandag uke 3 med tema knyttet til øving 3 (bare 4 dager fra mandags-øf til innlevering. 7 dager fra fredags-øf)","2"
"2022/09/02 2:20:03 p.m. EET","Fredag","Øvingsforelesning fredag uke 1 og mandag uke 2 med tema knyttet til øving 3 (11 dager fra mandags-øf til innlevering. 14 dager fra fredags-øf))","2"
"2022/09/02 2:20:03 p.m. EET","Fredag","Øvingsforelesning fredag uke 1 og mandag uke 2 med tema knyttet til øving 3 (11 dager fra mandags-øf til innlevering. 14 dager fra fredags-øf))","2"
"2022/09/02 2:20:04 p.m. EET","Fredag","Øvingsforelesning fredag uke 1 og mandag uke 2 med tema knyttet til øving 3 (11 dager fra mandags-øf til innlevering. 14 dager fra fredags-øf))","3"
"2022/09/02 2:20:06 p.m. EET","Fredag","Øvingsforelesning fredag uke 1 og mandag uke 2 med tema knyttet til øving 3 (11 dager fra mandags-øf til innlevering. 14 dager fra fredags-øf))","3"
"2022/09/02 2:20:07 p.m. EET","Fredag","Øvingsforelesning fredag uke 1 og mandag uke 2 med tema knyttet til øving 3 (11 dager fra mandags-øf til innlevering. 14 dager fra fredags-øf))","3"
"2022/09/02 2:20:07 p.m. EET","Fredag","Blanding av de to forrige alternativene, 50% innhold til øvingen som har innlevering om under en uke, og 50% innhold til neste.","3"
"2022/09/02 2:20:07 p.m. EET","Fredag","Øvingsforelesning fredag uke 1 og mandag uke 2 med tema knyttet til øving 3 (11 dager fra mandags-øf til innlevering. 14 dager fra fredags-øf))","2"
"2022/09/02 2:20:08 p.m. EET","Fredag","Øvingsforelesning fredag uke 1 og mandag uke 2 med tema knyttet til øving 3 (11 dager fra mandags-øf til innlevering. 14 dager fra fredags-øf))","3"
"2022/09/02 2:20:13 p.m. EET","Fredag","Øvingsforelesning fredag uke 1 og mandag uke 2 med tema knyttet til øving 3 (11 dager fra mandags-øf til innlevering. 14 dager fra fredags-øf))","2"
"2022/09/02 2:20:14 p.m. EET","Fredag","Øvingsforelesning fredag uke 1 og mandag uke 2 med tema knyttet til øving 3 (11 dager fra mandags-øf til innlevering. 14 dager fra fredags-øf))","3"
"2022/09/02 2:20:18 p.m. EET","Fredag","Øvingsforelesning fredag uke 2 og mandag uke 3 med tema knyttet til øving 3 (bare 4 dager fra mandags-øf til innlevering. 7 dager fra fredags-øf)","3"
"2022/09/02 2:20:24 p.m. EET","Fredag","Øvingsforelesning fredag uke 2 og mandag uke 3 med tema knyttet til øving 3 (bare 4 dager fra mandags-øf til innlevering. 7 dager fra fredags-øf)","2"
"2022/09/02 2:20:24 p.m. EET","Fredag","Øvingsforelesning fredag uke 1 og mandag uke 2 med tema knyttet til øving 3 (11 dager fra mandags-øf til innlevering. 14 dager fra fredags-øf))","2"
"2022/09/02 2:20:27 p.m. EET","Fredag","Øvingsforelesning fredag uke 2 og mandag uke 3 med tema knyttet til øving 3 (bare 4 dager fra mandags-øf til innlevering. 7 dager fra fredags-øf)","4"
"2022/09/02 2:20:28 p.m. EET","Fredag","Øvingsforelesning fredag uke 1 og mandag uke 2 med tema knyttet til øving 3 (11 dager fra mandags-øf til innlevering. 14 dager fra fredags-øf))","3"
"2022/09/02 2:20:29 p.m. EET","Fredag","Øvingsforelesning fredag uke 1 og mandag uke 2 med tema knyttet til øving 3 (11 dager fra mandags-øf til innlevering. 14 dager fra fredags-øf))","2"
"2022/09/02 2:20:30 p.m. EET","Fredag","Øvingsforelesning fredag uke 1 og mandag uke 2 med tema knyttet til øving 3 (11 dager fra mandags-øf til innlevering. 14 dager fra fredags-øf))","3"
"2022/09/02 2:20:30 p.m. EET","Fredag","Øvingsforelesning fredag uke 2 og mandag uke 3 med tema knyttet til øving 3 (bare 4 dager fra mandags-øf til innlevering. 7 dager fra fredags-øf)","3"
"2022/09/02 2:20:30 p.m. EET","Fredag","Blanding av de to forrige alternativene, 50% innhold til øvingen som har innlevering om under en uke, og 50% innhold til neste.","3"
"2022/09/02 2:20:32 p.m. EET","Fredag","Øvingsforelesning fredag uke 2 og mandag uke 3 med tema knyttet til øving 3 (bare 4 dager fra mandags-øf til innlevering. 7 dager fra fredags-øf)","3"
"2022/09/02 2:20:33 p.m. EET","Fredag","Øvingsforelesning fredag uke 1 og mandag uke 2 med tema knyttet til øving 3 (11 dager fra mandags-øf til innlevering. 14 dager fra fredags-øf))","2"
"2022/09/02 2:20:39 p.m. EET","Fredag","Øvingsforelesning fredag uke 2 og mandag uke 3 med tema knyttet til øving 3 (bare 4 dager fra mandags-øf til innlevering. 7 dager fra fredags-øf)","2"
"2022/09/02 2:20:41 p.m. EET","Fredag","Blanding av de to forrige alternativene, 50% innhold til øvingen som har innlevering om under en uke, og 50% innhold til neste.",""
"2022/09/02 2:20:46 p.m. EET","Fredag","Blanding av de to forrige alternativene, 50% innhold til øvingen som har innlevering om under en uke, og 50% innhold til neste.","3"
"2022/09/02 2:20:47 p.m. EET","Fredag","Øvingsforelesning fredag uke 2 og mandag uke 3 med tema knyttet til øving 3 (bare 4 dager fra mandags-øf til innlevering. 7 dager fra fredags-øf)","2"
"2022/09/02 2:20:48 p.m. EET","Fredag","Øvingsforelesning fredag uke 1 og mandag uke 2 med tema knyttet til øving 3 (11 dager fra mandags-øf til innlevering. 14 dager fra fredags-øf))","3"
"2022/09/02 2:20:49 p.m. EET","Fredag","Øvingsforelesning fredag uke 1 og mandag uke 2 med tema knyttet til øving 3 (11 dager fra mandags-øf til innlevering. 14 dager fra fredags-øf))","2"
"2022/09/02 2:20:50 p.m. EET","Fredag","Øvingsforelesning fredag uke 2 og mandag uke 3 med tema knyttet til øving 3 (bare 4 dager fra mandags-øf til innlevering. 7 dager fra fredags-øf)","3"
"2022/09/02 2:20:53 p.m. EET","Fredag","Øvingsforelesning fredag uke 2 og mandag uke 3 med tema knyttet til øving 3 (bare 4 dager fra mandags-øf til innlevering. 7 dager fra fredags-øf)","3"
"2022/09/02 2:20:53 p.m. EET","Fredag","Øvingsforelesning fredag uke 2 og mandag uke 3 med tema knyttet til øving 3 (bare 4 dager fra mandags-øf til innlevering. 7 dager fra fredags-øf)","3"
"2022/09/02 2:20:53 p.m. EET","Fredag","Øvingsforelesning fredag uke 1 og mandag uke 2 med tema knyttet til øving 3 (11 dager fra mandags-øf til innlevering. 14 dager fra fredags-øf))","3"
"2022/09/02 2:20:54 p.m. EET","Fredag","Blanding av de to forrige alternativene, 50% innhold til øvingen som har innlevering om under en uke, og 50% innhold til neste.","3"
"2022/09/02 2:20:54 p.m. EET","Fredag","Øvingsforelesning fredag uke 2 og mandag uke 3 med tema knyttet til øving 3 (bare 4 dager fra mandags-øf til innlevering. 7 dager fra fredags-øf)",""
"2022/09/02 2:21:07 p.m. EET","Fredag","Blanding av de to forrige alternativene, 50% innhold til øvingen som har innlevering om under en uke, og 50% innhold til neste.","3"
"2022/09/02 2:21:09 p.m. EET","Fredag","Øvingsforelesning fredag uke 1 og mandag uke 2 med tema knyttet til øving 3 (11 dager fra mandags-øf til innlevering. 14 dager fra fredags-øf))","3"
"2022/09/02 2:21:10 p.m. EET","Fredag","Øvingsforelesning fredag uke 2 og mandag uke 3 med tema knyttet til øving 3 (bare 4 dager fra mandags-øf til innlevering. 7 dager fra fredags-øf)","2"
"2022/09/02 2:21:11 p.m. EET","Mandag - Fysisk","Blanding av de to forrige alternativene, 50% innhold til øvingen som har innlevering om under en uke, og 50% innhold til neste.","3"
"2022/09/02 2:21:11 p.m. EET","Fredag","Blanding av de to forrige alternativene, 50% innhold til øvingen som har innlevering om under en uke, og 50% innhold til neste.","2"
"2022/09/02 2:21:12 p.m. EET","Fredag","Øvingsforelesning fredag uke 2 og mandag uke 3 med tema knyttet til øving 3 (bare 4 dager fra mandags-øf til innlevering. 7 dager fra fredags-øf)","3"
"2022/09/02 2:21:13 p.m. EET","Fredag","Øvingsforelesning fredag uke 1 og mandag uke 2 med tema knyttet til øving 3 (11 dager fra mandags-øf til innlevering. 14 dager fra fredags-øf))",""
"2022/09/02 2:21:14 p.m. EET","Fredag","Blanding av de to forrige alternativene, 50% innhold til øvingen som har innlevering om under en uke, og 50% innhold til neste.","3"
"2022/09/02 2:21:14 p.m. EET","Fredag","Øvingsforelesning fredag uke 2 og mandag uke 3 med tema knyttet til øving 3 (bare 4 dager fra mandags-øf til innlevering. 7 dager fra fredags-øf)","2"
"2022/09/02 2:21:17 p.m. EET","Fredag","Blanding av de to forrige alternativene, 50% innhold til øvingen som har innlevering om under en uke, og 50% innhold til neste.","1"
"2022/09/02 2:21:18 p.m. EET","Fredag","Øvingsforelesning fredag uke 2 og mandag uke 3 med tema knyttet til øving 3 (bare 4 dager fra mandags-øf til innlevering. 7 dager fra fredags-øf)","3"
"2022/09/02 2:21:19 p.m. EET","Fredag","Øvingsforelesning fredag uke 1 og mandag uke 2 med tema knyttet til øving 3 (11 dager fra mandags-øf til innlevering. 14 dager fra fredags-øf))","3"
"2022/09/02 2:21:21 p.m. EET","Fredag","Øvingsforelesning fredag uke 1 og mandag uke 2 med tema knyttet til øving 3 (11 dager fra mandags-øf til innlevering. 14 dager fra fredags-øf))","3"
"2022/09/02 2:21:23 p.m. EET","Fredag","Øvingsforelesning fredag uke 2 og mandag uke 3 med tema knyttet til øving 3 (bare 4 dager fra mandags-øf til innlevering. 7 dager fra fredags-øf)","3"
"2022/09/02 2:21:24 p.m. EET","Fredag","Øvingsforelesning fredag uke 1 og mandag uke 2 med tema knyttet til øving 3 (11 dager fra mandags-øf til innlevering. 14 dager fra fredags-øf))","3"
"2022/09/02 2:21:31 p.m. EET","Fredag","Øvingsforelesning fredag uke 2 og mandag uke 3 med tema knyttet til øving 3 (bare 4 dager fra mandags-øf til innlevering. 7 dager fra fredags-øf)","3"
"2022/09/02 2:21:31 p.m. EET","Fredag","Blanding av de to forrige alternativene, 50% innhold til øvingen som har innlevering om under en uke, og 50% innhold til neste.","3"
"2022/09/02 2:21:37 p.m. EET","Mandag - Digital","Blanding av de to forrige alternativene, 50% innhold til øvingen som har innlevering om under en uke, og 50% innhold til neste.","3"
"2022/09/02 2:21:46 p.m. EET","Fredag","Øvingsforelesning fredag uke 1 og mandag uke 2 med tema knyttet til øving 3 (11 dager fra mandags-øf til innlevering. 14 dager fra fredags-øf))","3"
"2022/09/02 2:21:48 p.m. EET","Fredag","Øvingsforelesning fredag uke 2 og mandag uke 3 med tema knyttet til øving 3 (bare 4 dager fra mandags-øf til innlevering. 7 dager fra fredags-øf)","1"
"2022/09/02 2:22:07 p.m. EET","Fredag","Blanding av de to forrige alternativene, 50% innhold til øvingen som har innlevering om under en uke, og 50% innhold til neste.",""
"2022/09/02 2:23:05 p.m. EET","Fredag","Øvingsforelesning fredag uke 1 og mandag uke 2 med tema knyttet til øving 3 (11 dager fra mandags-øf til innlevering. 14 dager fra fredags-øf))","4"
"2022/09/02 2:23:43 p.m. EET","Fredag","Øvingsforelesning fredag uke 1 og mandag uke 2 med tema knyttet til øving 3 (11 dager fra mandags-øf til innlevering. 14 dager fra fredags-øf))","3"
"2022/09/02 2:24:02 p.m. EET","Fredag","Øvingsforelesning fredag uke 1 og mandag uke 2 med tema knyttet til øving 3 (11 dager fra mandags-øf til innlevering. 14 dager fra fredags-øf))","4"
"2022/09/02 2:27:35 p.m. EET","Fredag","Øvingsforelesning fredag uke 2 og mandag uke 3 med tema knyttet til øving 3 (bare 4 dager fra mandags-øf til innlevering. 7 dager fra fredags-øf)",""
"2022/09/02 2:44:25 p.m. EET","Fredag","Øvingsforelesning fredag uke 2 og mandag uke 3 med tema knyttet til øving 3 (bare 4 dager fra mandags-øf til innlevering. 7 dager fra fredags-øf)","3"
"2022/09/02 2:59:54 p.m. EET","Fredag","Øvingsforelesning fredag uke 1 og mandag uke 2 med tema knyttet til øving 3 (11 dager fra mandags-øf til innlevering. 14 dager fra fredags-øf))","3"
"2022/09/02 3:02:46 p.m. EET","Fredag","Øvingsforelesning fredag uke 2 og mandag uke 3 med tema knyttet til øving 3 (bare 4 dager fra mandags-øf til innlevering. 7 dager fra fredags-øf)","2"
"2022/09/02 3:05:22 p.m. EET","Fredag","Øvingsforelesning fredag uke 1 og mandag uke 2 med tema knyttet til øving 3 (11 dager fra mandags-øf til innlevering. 14 dager fra fredags-øf))","2"
"2022/09/02 3:06:25 p.m. EET","Fredag","Blanding av de to forrige alternativene, 50% innhold til øvingen som har innlevering om under en uke, og 50% innhold til neste.","3"
"2022/09/02 3:07:33 p.m. EET","Fredag","Øvingsforelesning fredag uke 2 og mandag uke 3 med tema knyttet til øving 3 (bare 4 dager fra mandags-øf til innlevering. 7 dager fra fredags-øf)","3"
"2022/09/02 3:11:50 p.m. EET","Fredag","Øvingsforelesning fredag uke 1 og mandag uke 2 med tema knyttet til øving 3 (11 dager fra mandags-øf til innlevering. 14 dager fra fredags-øf))","3"
"2022/09/02 3:29:57 p.m. EET","Fredag","Blanding av de to forrige alternativene, 50% innhold til øvingen som har innlevering om under en uke, og 50% innhold til neste.","4"
"2022/09/02 6:19:49 p.m. EET","Mandag - Fysisk","Øvingsforelesning fredag uke 1 og mandag uke 2 med tema knyttet til øving 3 (11 dager fra mandags-øf til innlevering. 14 dager fra fredags-øf))","2"
"2022/09/02 6:21:56 p.m. EET","Fredag","Blanding av de to forrige alternativene, 50% innhold til øvingen som har innlevering om under en uke, og 50% innhold til neste.","4"
"2022/09/02 6:22:37 p.m. EET","Mandag - Fysisk","Øvingsforelesning fredag uke 1 og mandag uke 2 med tema knyttet til øving 3 (11 dager fra mandags-øf til innlevering. 14 dager fra fredags-øf))","3"
"2022/09/02 6:23:25 p.m. EET","Fredag","Øvingsforelesning fredag uke 2 og mandag uke 3 med tema knyttet til øving 3 (bare 4 dager fra mandags-øf til innlevering. 7 dager fra fredags-øf)","3"
"2022/09/02 6:24:09 p.m. EET","Fredag","Øvingsforelesning fredag uke 1 og mandag uke 2 med tema knyttet til øving 3 (11 dager fra mandags-øf til innlevering. 14 dager fra fredags-øf))","3"
"2022/09/02 6:30:20 p.m. EET","Fredag","Blanding av de to forrige alternativene, 50% innhold til øvingen som har innlevering om under en uke, og 50% innhold til neste.","2"
"2022/09/02 6:31:02 p.m. EET","Fredag","Blanding av de to forrige alternativene, 50% innhold til øvingen som har innlevering om under en uke, og 50% innhold til neste.","3"
"2022/09/02 6:33:37 p.m. EET","Fredag","Øvingsforelesning fredag uke 1 og mandag uke 2 med tema knyttet til øving 3 (11 dager fra mandags-øf til innlevering. 14 dager fra fredags-øf))","2"
"2022/09/02 6:37:11 p.m. EET","Fredag","","2"
"2022/09/02 6:37:48 p.m. EET","Mandag - Fysisk","Blanding av de to forrige alternativene, 50% innhold til øvingen som har innlevering om under en uke, og 50% innhold til neste.","3"
"2022/09/02 6:43:18 p.m. EET","Mandag - Digital","Øvingsforelesning fredag uke 1 og mandag uke 2 med tema knyttet til øving 3 (11 dager fra mandags-øf til innlevering. 14 dager fra fredags-øf))","2"
"2022/09/02 6:47:09 p.m. EET","Mandag - Digital","Blanding av de to forrige alternativene, 50% innhold til øvingen som har innlevering om under en uke, og 50% innhold til neste.","4"
"2022/09/02 8:02:55 p.m. EET","Fredag","Blanding av de to forrige alternativene, 50% innhold til øvingen som har innlevering om under en uke, og 50% innhold til neste.","3"
"2022/09/02 10:03:50 p.m. EET","Fredag","Blanding av de to forrige alternativene, 50% innhold til øvingen som har innlevering om under en uke, og 50% innhold til neste.","2"
"2022/09/02 10:30:25 p.m. EET","Mandag - Fysisk","Øvingsforelesning fredag uke 2 og mandag uke 3 med tema knyttet til øving 3 (bare 4 dager fra mandags-øf til innlevering. 7 dager fra fredags-øf)","3"
"2022/09/02 11:05:05 p.m. EET","Mandag - Fysisk","Blanding av de to forrige alternativene, 50% innhold til øvingen som har innlevering om under en uke, og 50% innhold til neste.","3"
"2022/09/03 12:47:16 a.m. EET","Mandag - Fysisk","Øvingsforelesning fredag uke 2 og mandag uke 3 med tema knyttet til øving 3 (bare 4 dager fra mandags-øf til innlevering. 7 dager fra fredags-øf)","3"
"2022/09/03 10:19:13 a.m. EET","Mandag - Fysisk","Øvingsforelesning fredag uke 1 og mandag uke 2 med tema knyttet til øving 3 (11 dager fra mandags-øf til innlevering. 14 dager fra fredags-øf))","3"
"2022/09/03 1:05:30 p.m. EET","Fredag","Øvingsforelesning fredag uke 2 og mandag uke 3 med tema knyttet til øving 3 (bare 4 dager fra mandags-øf til innlevering. 7 dager fra fredags-øf)","4"
"2022/09/03 4:27:20 p.m. EET","Fredag","Øvingsforelesning fredag uke 1 og mandag uke 2 med tema knyttet til øving 3 (11 dager fra mandags-øf til innlevering. 14 dager fra fredags-øf))","4"
"2022/09/03 5:24:36 p.m. EET","Mandag - Digital","Blanding av de to forrige alternativene, 50% innhold til øvingen som har innlevering om under en uke, og 50% innhold til neste.","1"
"2022/09/03 7:50:40 p.m. EET","Mandag - Fysisk","Blanding av de to forrige alternativene, 50% innhold til øvingen som har innlevering om under en uke, og 50% innhold til neste.","3"
"2022/09/04 4:21:53 p.m. EET","Fredag","Øvingsforelesning fredag uke 1 og mandag uke 2 med tema knyttet til øving 3 (11 dager fra mandags-øf til innlevering. 14 dager fra fredags-øf))","3"
"2022/09/04 10:40:24 p.m. EET","Mandag - Digital","Øvingsforelesning fredag uke 1 og mandag uke 2 med tema knyttet til øving 3 (11 dager fra mandags-øf til innlevering. 14 dager fra fredags-øf))","3"
"2022/09/04 10:42:44 p.m. EET","Mandag - Digital","Øvingsforelesning fredag uke 1 og mandag uke 2 med tema knyttet til øving 3 (11 dager fra mandags-øf til innlevering. 14 dager fra fredags-øf))","3"
"2022/09/04 11:05:28 p.m. EET","Mandag - Digital","Øvingsforelesning fredag uke 2 og mandag uke 3 med tema knyttet til øving 3 (bare 4 dager fra mandags-øf til innlevering. 7 dager fra fredags-øf)","2"
"2022/09/05 8:18:13 a.m. EET","Fredag","Øvingsforelesning fredag uke 1 og mandag uke 2 med tema knyttet til øving 3 (11 dager fra mandags-øf til innlevering. 14 dager fra fredags-øf))","3"
"2022/09/05 8:39:40 a.m. EET","Mandag - Fysisk","Blanding av de to forrige alternativene, 50% innhold til øvingen som har innlevering om under en uke, og 50% innhold til neste.","3"
"2022/09/05 9:08:38 a.m. EET","Mandag - Fysisk","Blanding av de to forrige alternativene, 50% innhold til øvingen som har innlevering om under en uke, og 50% innhold til neste.","4"
"2022/09/05 9:37:46 a.m. EET","Mandag - Fysisk","Øvingsforelesning fredag uke 1 og mandag uke 2 med tema knyttet til øving 3 (11 dager fra mandags-øf til innlevering. 14 dager fra fredags-øf))","3"
"2022/09/05 11:03:32 a.m. EET","Fredag","Blanding av de to forrige alternativene, 50% innhold til øvingen som har innlevering om under en uke, og 50% innhold til neste.","2"
"2022/09/05 2:18:29 p.m. EET","Fredag","Øvingsforelesning fredag uke 1 og mandag uke 2 med tema knyttet til øving 3 (11 dager fra mandags-øf til innlevering. 14 dager fra fredags-øf))","3"
"2022/09/05 2:18:39 p.m. EET","Mandag - Fysisk","Øvingsforelesning fredag uke 1 og mandag uke 2 med tema knyttet til øving 3 (11 dager fra mandags-øf til innlevering. 14 dager fra fredags-øf))","3"
"2022/09/05 2:18:39 p.m. EET","Mandag - Fysisk","Blanding av de to forrige alternativene, 50% innhold til øvingen som har innlevering om under en uke, og 50% innhold til neste.","4"
"2022/09/05 2:18:47 p.m. EET","Mandag - Fysisk","Øvingsforelesning fredag uke 1 og mandag uke 2 med tema knyttet til øving 3 (11 dager fra mandags-øf til innlevering. 14 dager fra fredags-øf))","3"
"2022/09/05 2:18:49 p.m. EET","Mandag - Fysisk","Øvingsforelesning fredag uke 2 og mandag uke 3 med tema knyttet til øving 3 (bare 4 dager fra mandags-øf til innlevering. 7 dager fra fredags-øf)","3"
"2022/09/05 2:19:13 p.m. EET","Fredag","Blanding av de to forrige alternativene, 50% innhold til øvingen som har innlevering om under en uke, og 50% innhold til neste.","2"
"2022/09/05 2:19:25 p.m. EET","Mandag - Fysisk","Øvingsforelesning fredag uke 1 og mandag uke 2 med tema knyttet til øving 3 (11 dager fra mandags-øf til innlevering. 14 dager fra fredags-øf))","2"
"2022/09/05 2:19:25 p.m. EET","Mandag - Digital","Blanding av de to forrige alternativene, 50% innhold til øvingen som har innlevering om under en uke, og 50% innhold til neste.","1"
"2022/09/05 2:19:27 p.m. EET","Mandag - Digital","Øvingsforelesning fredag uke 1 og mandag uke 2 med tema knyttet til øving 3 (11 dager fra mandags-øf til innlevering. 14 dager fra fredags-øf))","3"
"2022/09/05 2:19:28 p.m. EET","Mandag - Fysisk","Blanding av de to forrige alternativene, 50% innhold til øvingen som har innlevering om under en uke, og 50% innhold til neste.","2"
"2022/09/05 2:19:30 p.m. EET","Mandag - Fysisk","Øvingsforelesning fredag uke 1 og mandag uke 2 med tema knyttet til øving 3 (11 dager fra mandags-øf til innlevering. 14 dager fra fredags-øf))","3"
"2022/09/05 2:19:39 p.m. EET","Mandag - Fysisk","Øvingsforelesning fredag uke 2 og mandag uke 3 med tema knyttet til øving 3 (bare 4 dager fra mandags-øf til innlevering. 7 dager fra fredags-øf)","3"
"2022/09/05 2:19:40 p.m. EET","Fredag","Øvingsforelesning fredag uke 1 og mandag uke 2 med tema knyttet til øving 3 (11 dager fra mandags-øf til innlevering. 14 dager fra fredags-øf))","3"
"2022/09/05 2:19:40 p.m. EET","Mandag - Fysisk","Øvingsforelesning fredag uke 2 og mandag uke 3 med tema knyttet til øving 3 (bare 4 dager fra mandags-øf til innlevering. 7 dager fra fredags-øf)","3"
"2022/09/05 2:19:42 p.m. EET","Mandag - Fysisk","Øvingsforelesning fredag uke 1 og mandag uke 2 med tema knyttet til øving 3 (11 dager fra mandags-øf til innlevering. 14 dager fra fredags-øf))","3"
"2022/09/05 2:19:46 p.m. EET","Fredag","Øvingsforelesning fredag uke 2 og mandag uke 3 med tema knyttet til øving 3 (bare 4 dager fra mandags-øf til innlevering. 7 dager fra fredags-øf)","4"
"2022/09/05 2:19:47 p.m. EET","Mandag - Digital","Øvingsforelesning fredag uke 1 og mandag uke 2 med tema knyttet til øving 3 (11 dager fra mandags-øf til innlevering. 14 dager fra fredags-øf))","4"
"2022/09/05 2:19:51 p.m. EET","Mandag - Digital","Øvingsforelesning fredag uke 1 og mandag uke 2 med tema knyttet til øving 3 (11 dager fra mandags-øf til innlevering. 14 dager fra fredags-øf))","3"
"2022/09/05 2:19:52 p.m. EET","Fredag","Øvingsforelesning fredag uke 1 og mandag uke 2 med tema knyttet til øving 3 (11 dager fra mandags-øf til innlevering. 14 dager fra fredags-øf))","3"
"2022/09/05 2:19:52 p.m. EET","Mandag - Fysisk","Øvingsforelesning fredag uke 1 og mandag uke 2 med tema knyttet til øving 3 (11 dager fra mandags-øf til innlevering. 14 dager fra fredags-øf))","3"
"2022/09/05 2:19:53 p.m. EET","Mandag - Digital","Øvingsforelesning fredag uke 2 og mandag uke 3 med tema knyttet til øving 3 (bare 4 dager fra mandags-øf til innlevering. 7 dager fra fredags-øf)","4"
"2022/09/05 2:19:53 p.m. EET","Mandag - Fysisk","Øvingsforelesning fredag uke 2 og mandag uke 3 med tema knyttet til øving 3 (bare 4 dager fra mandags-øf til innlevering. 7 dager fra fredags-øf)","3"
"2022/09/05 2:19:56 p.m. EET","Mandag - Fysisk","Øvingsforelesning fredag uke 2 og mandag uke 3 med tema knyttet til øving 3 (bare 4 dager fra mandags-øf til innlevering. 7 dager fra fredags-øf)","3"
"2022/09/05 2:19:57 p.m. EET","Mandag - Fysisk","Øvingsforelesning fredag uke 1 og mandag uke 2 med tema knyttet til øving 3 (11 dager fra mandags-øf til innlevering. 14 dager fra fredags-øf))","3"
"2022/09/05 2:19:58 p.m. EET","Mandag - Digital","Øvingsforelesning fredag uke 2 og mandag uke 3 med tema knyttet til øving 3 (bare 4 dager fra mandags-øf til innlevering. 7 dager fra fredags-øf)","3"
"2022/09/05 2:19:58 p.m. EET","Mandag - Fysisk","Øvingsforelesning fredag uke 2 og mandag uke 3 med tema knyttet til øving 3 (bare 4 dager fra mandags-øf til innlevering. 7 dager fra fredags-øf)","3"
"2022/09/05 2:19:58 p.m. EET","Mandag - Fysisk","Øvingsforelesning fredag uke 1 og mandag uke 2 med tema knyttet til øving 3 (11 dager fra mandags-øf til innlevering. 14 dager fra fredags-øf))","3"
"2022/09/05 2:20:02 p.m. EET","Mandag - Digital","Øvingsforelesning fredag uke 1 og mandag uke 2 med tema knyttet til øving 3 (11 dager fra mandags-øf til innlevering. 14 dager fra fredags-øf))","3"
"2022/09/05 2:20:03 p.m. EET","Mandag - Fysisk","Blanding av de to forrige alternativene, 50% innhold til øvingen som har innlevering om under en uke, og 50% innhold til neste.","3"
"2022/09/05 2:20:04 p.m. EET","Mandag - Fysisk","Øvingsforelesning fredag uke 1 og mandag uke 2 med tema knyttet til øving 3 (11 dager fra mandags-øf til innlevering. 14 dager fra fredags-øf))","2"
"2022/09/05 2:20:07 p.m. EET","Mandag - Fysisk","Øvingsforelesning fredag uke 1 og mandag uke 2 med tema knyttet til øving 3 (11 dager fra mandags-øf til innlevering. 14 dager fra fredags-øf))","3"
"2022/09/05 2:20:07 p.m. EET","Mandag - Fysisk","Øvingsforelesning fredag uke 2 og mandag uke 3 med tema knyttet til øving 3 (bare 4 dager fra mandags-øf til innlevering. 7 dager fra fredags-øf)","3"
"2022/09/05 2:20:10 p.m. EET","Mandag - Fysisk","Øvingsforelesning fredag uke 1 og mandag uke 2 med tema knyttet til øving 3 (11 dager fra mandags-øf til innlevering. 14 dager fra fredags-øf))","2"
"2022/09/05 2:20:12 p.m. EET","Mandag - Fysisk","Øvingsforelesning fredag uke 1 og mandag uke 2 med tema knyttet til øving 3 (11 dager fra mandags-øf til innlevering. 14 dager fra fredags-øf))","3"
"2022/09/05 2:20:12 p.m. EET","Mandag - Fysisk","Øvingsforelesning fredag uke 1 og mandag uke 2 med tema knyttet til øving 3 (11 dager fra mandags-øf til innlevering. 14 dager fra fredags-øf))","2"
"2022/09/05 2:20:15 p.m. EET","Mandag - Fysisk","Øvingsforelesning fredag uke 2 og mandag uke 3 med tema knyttet til øving 3 (bare 4 dager fra mandags-øf til innlevering. 7 dager fra fredags-øf)","3"
"2022/09/05 2:20:17 p.m. EET","Mandag - Fysisk","Øvingsforelesning fredag uke 1 og mandag uke 2 med tema knyttet til øving 3 (11 dager fra mandags-øf til innlevering. 14 dager fra fredags-øf))","3"
"2022/09/05 2:20:18 p.m. EET","Mandag - Fysisk","Øvingsforelesning fredag uke 2 og mandag uke 3 med tema knyttet til øving 3 (bare 4 dager fra mandags-øf til innlevering. 7 dager fra fredags-øf)","2"
"2022/09/05 2:20:18 p.m. EET","Mandag - Fysisk","Øvingsforelesning fredag uke 2 og mandag uke 3 med tema knyttet til øving 3 (bare 4 dager fra mandags-øf til innlevering. 7 dager fra fredags-øf)","4"
"2022/09/05 2:20:19 p.m. EET","Mandag - Digital","Øvingsforelesning fredag uke 1 og mandag uke 2 med tema knyttet til øving 3 (11 dager fra mandags-øf til innlevering. 14 dager fra fredags-øf))","3"
"2022/09/05 2:20:20 p.m. EET","Mandag - Fysisk","Øvingsforelesning fredag uke 1 og mandag uke 2 med tema knyttet til øving 3 (11 dager fra mandags-øf til innlevering. 14 dager fra fredags-øf))","3"
"2022/09/05 2:20:20 p.m. EET","Mandag - Fysisk","Øvingsforelesning fredag uke 2 og mandag uke 3 med tema knyttet til øving 3 (bare 4 dager fra mandags-øf til innlevering. 7 dager fra fredags-øf)","3"
"2022/09/05 2:20:20 p.m. EET","Mandag - Fysisk","Øvingsforelesning fredag uke 1 og mandag uke 2 med tema knyttet til øving 3 (11 dager fra mandags-øf til innlevering. 14 dager fra fredags-øf))","3"
"2022/09/05 2:20:20 p.m. EET","Mandag - Fysisk","Øvingsforelesning fredag uke 2 og mandag uke 3 med tema knyttet til øving 3 (bare 4 dager fra mandags-øf til innlevering. 7 dager fra fredags-øf)","2"
"2022/09/05 2:20:23 p.m. EET","Mandag - Fysisk","Øvingsforelesning fredag uke 1 og mandag uke 2 med tema knyttet til øving 3 (11 dager fra mandags-øf til innlevering. 14 dager fra fredags-øf))","2"
"2022/09/05 2:20:24 p.m. EET","Mandag - Fysisk","Øvingsforelesning fredag uke 1 og mandag uke 2 med tema knyttet til øving 3 (11 dager fra mandags-øf til innlevering. 14 dager fra fredags-øf))","3"
"2022/09/05 2:20:26 p.m. EET","Fredag","Øvingsforelesning fredag uke 2 og mandag uke 3 med tema knyttet til øving 3 (bare 4 dager fra mandags-øf til innlevering. 7 dager fra fredags-øf)","3"
"2022/09/05 2:20:26 p.m. EET","Fredag","Øvingsforelesning fredag uke 2 og mandag uke 3 med tema knyttet til øving 3 (bare 4 dager fra mandags-øf til innlevering. 7 dager fra fredags-øf)","3"
"2022/09/05 2:20:26 p.m. EET","Mandag - Fysisk","Øvingsforelesning fredag uke 2 og mandag uke 3 med tema knyttet til øving 3 (bare 4 dager fra mandags-øf til innlevering. 7 dager fra fredags-øf)","3"
"2022/09/05 2:20:27 p.m. EET","Mandag - Fysisk","Øvingsforelesning fredag uke 2 og mandag uke 3 med tema knyttet til øving 3 (bare 4 dager fra mandags-øf til innlevering. 7 dager fra fredags-øf)","3"
"2022/09/05 2:20:28 p.m. EET","Fredag","Øvingsforelesning fredag uke 1 og mandag uke 2 med tema knyttet til øving 3 (11 dager fra mandags-øf til innlevering. 14 dager fra fredags-øf))","3"
"2022/09/05 2:20:28 p.m. EET","Fredag","Øvingsforelesning fredag uke 1 og mandag uke 2 med tema knyttet til øving 3 (11 dager fra mandags-øf til innlevering. 14 dager fra fredags-øf))","3"
"2022/09/05 2:20:31 p.m. EET","Mandag - Fysisk","Blanding av de to forrige alternativene, 50% innhold til øvingen som har innlevering om under en uke, og 50% innhold til neste.","3"
"2022/09/05 2:20:32 p.m. EET","Mandag - Fysisk","Øvingsforelesning fredag uke 1 og mandag uke 2 med tema knyttet til øving 3 (11 dager fra mandags-øf til innlevering. 14 dager fra fredags-øf))","3"
"2022/09/05 2:20:35 p.m. EET","Mandag - Digital","Øvingsforelesning fredag uke 2 og mandag uke 3 med tema knyttet til øving 3 (bare 4 dager fra mandags-øf til innlevering. 7 dager fra fredags-øf)","3"
"2022/09/05 2:20:36 p.m. EET","Mandag - Fysisk","Øvingsforelesning fredag uke 2 og mandag uke 3 med tema knyttet til øving 3 (bare 4 dager fra mandags-øf til innlevering. 7 dager fra fredags-øf)","3"
"2022/09/05 2:20:36 p.m. EET","Mandag - Fysisk","Øvingsforelesning fredag uke 1 og mandag uke 2 med tema knyttet til øving 3 (11 dager fra mandags-øf til innlevering. 14 dager fra fredags-øf))","2"
"2022/09/05 2:20:37 p.m. EET","Mandag - Fysisk","Øvingsforelesning fredag uke 1 og mandag uke 2 med tema knyttet til øving 3 (11 dager fra mandags-øf til innlevering. 14 dager fra fredags-øf))","4"
"2022/09/05 2:20:37 p.m. EET","Mandag - Fysisk","Øvingsforelesning fredag uke 1 og mandag uke 2 med tema knyttet til øving 3 (11 dager fra mandags-øf til innlevering. 14 dager fra fredags-øf))","2"
"2022/09/05 2:20:38 p.m. EET","Mandag - Fysisk","Øvingsforelesning fredag uke 1 og mandag uke 2 med tema knyttet til øving 3 (11 dager fra mandags-øf til innlevering. 14 dager fra fredags-øf))","3"
"2022/09/05 2:20:38 p.m. EET","Mandag - Fysisk","Øvingsforelesning fredag uke 1 og mandag uke 2 med tema knyttet til øving 3 (11 dager fra mandags-øf til innlevering. 14 dager fra fredags-øf))","3"
"2022/09/05 2:20:38 p.m. EET","Mandag - Fysisk","Øvingsforelesning fredag uke 1 og mandag uke 2 med tema knyttet til øving 3 (11 dager fra mandags-øf til innlevering. 14 dager fra fredags-øf))","3"
"2022/09/05 2:20:39 p.m. EET","Mandag - Fysisk","Øvingsforelesning fredag uke 1 og mandag uke 2 med tema knyttet til øving 3 (11 dager fra mandags-øf til innlevering. 14 dager fra fredags-øf))","3"
"2022/09/05 2:20:39 p.m. EET","Mandag - Fysisk","Øvingsforelesning fredag uke 2 og mandag uke 3 med tema knyttet til øving 3 (bare 4 dager fra mandags-øf til innlevering. 7 dager fra fredags-øf)","3"
"2022/09/05 2:20:39 p.m. EET","Fredag","Øvingsforelesning fredag uke 1 og mandag uke 2 med tema knyttet til øving 3 (11 dager fra mandags-øf til innlevering. 14 dager fra fredags-øf))","3"
"2022/09/05 2:20:40 p.m. EET","Mandag - Fysisk","Øvingsforelesning fredag uke 2 og mandag uke 3 med tema knyttet til øving 3 (bare 4 dager fra mandags-øf til innlevering. 7 dager fra fredags-øf)","3"
"2022/09/05 2:20:42 p.m. EET","Mandag - Fysisk","Øvingsforelesning fredag uke 2 og mandag uke 3 med tema knyttet til øving 3 (bare 4 dager fra mandags-øf til innlevering. 7 dager fra fredags-øf)","1"
"2022/09/05 2:20:42 p.m. EET","Mandag - Digital","Øvingsforelesning fredag uke 1 og mandag uke 2 med tema knyttet til øving 3 (11 dager fra mandags-øf til innlevering. 14 dager fra fredags-øf))","3"
"2022/09/05 2:20:43 p.m. EET","Mandag - Digital","Blanding av de to forrige alternativene, 50% innhold til øvingen som har innlevering om under en uke, og 50% innhold til neste.","4"
"2022/09/05 2:20:43 p.m. EET","Mandag - Digital","Øvingsforelesning fredag uke 2 og mandag uke 3 med tema knyttet til øving 3 (bare 4 dager fra mandags-øf til innlevering. 7 dager fra fredags-øf)","3"
"2022/09/05 2:20:44 p.m. EET","Fredag","Øvingsforelesning fredag uke 1 og mandag uke 2 med tema knyttet til øving 3 (11 dager fra mandags-øf til innlevering. 14 dager fra fredags-øf))","3"
"2022/09/05 2:20:47 p.m. EET","Mandag - Digital","Blanding av de to forrige alternativene, 50% innhold til øvingen som har innlevering om under en uke, og 50% innhold til neste.","3"
"2022/09/05 2:20:48 p.m. EET","Mandag - Digital","Blanding av de to forrige alternativene, 50% innhold til øvingen som har innlevering om under en uke, og 50% innhold til neste.","3"
"2022/09/05 2:20:48 p.m. EET","Mandag - Digital","Blanding av de to forrige alternativene, 50% innhold til øvingen som har innlevering om under en uke, og 50% innhold til neste.","3"
"2022/09/05 2:20:49 p.m. EET","Mandag - Fysisk","Øvingsforelesning fredag uke 2 og mandag uke 3 med tema knyttet til øving 3 (bare 4 dager fra mandags-øf til innlevering. 7 dager fra fredags-øf)","2"
"2022/09/05 2:20:51 p.m. EET","Fredag","Blanding av de to forrige alternativene, 50% innhold til øvingen som har innlevering om under en uke, og 50% innhold til neste.","3"
"2022/09/05 2:20:51 p.m. EET","Mandag - Fysisk","Øvingsforelesning fredag uke 2 og mandag uke 3 med tema knyttet til øving 3 (bare 4 dager fra mandags-øf til innlevering. 7 dager fra fredags-øf)","2"
"2022/09/05 2:20:52 p.m. EET","Mandag - Fysisk","Blanding av de to forrige alternativene, 50% innhold til øvingen som har innlevering om under en uke, og 50% innhold til neste.","3"
"2022/09/05 2:20:52 p.m. EET","Mandag - Fysisk","Øvingsforelesning fredag uke 2 og mandag uke 3 med tema knyttet til øving 3 (bare 4 dager fra mandags-øf til innlevering. 7 dager fra fredags-øf)","4"
"2022/09/05 2:20:53 p.m. EET","Fredag","Øvingsforelesning fredag uke 2 og mandag uke 3 med tema knyttet til øving 3 (bare 4 dager fra mandags-øf til innlevering. 7 dager fra fredags-øf)","4"
"2022/09/05 2:20:54 p.m. EET","Mandag - Digital","Blanding av de to forrige alternativene, 50% innhold til øvingen som har innlevering om under en uke, og 50% innhold til neste.","2"
"2022/09/05 2:20:56 p.m. EET","Fredag","Blanding av de to forrige alternativene, 50% innhold til øvingen som har innlevering om under en uke, og 50% innhold til neste.","2"
"2022/09/05 2:20:59 p.m. EET","Mandag - Fysisk","Øvingsforelesning fredag uke 1 og mandag uke 2 med tema knyttet til øving 3 (11 dager fra mandags-øf til innlevering. 14 dager fra fredags-øf))","4"
"2022/09/05 2:21:00 p.m. EET","Fredag","Øvingsforelesning fredag uke 2 og mandag uke 3 med tema knyttet til øving 3 (bare 4 dager fra mandags-øf til innlevering. 7 dager fra fredags-øf)","2"
"2022/09/05 2:21:01 p.m. EET","Mandag - Digital","Øvingsforelesning fredag uke 2 og mandag uke 3 med tema knyttet til øving 3 (bare 4 dager fra mandags-øf til innlevering. 7 dager fra fredags-øf)","4"
"2022/09/05 2:21:02 p.m. EET","Mandag - Digital","Øvingsforelesning fredag uke 2 og mandag uke 3 med tema knyttet til øving 3 (bare 4 dager fra mandags-øf til innlevering. 7 dager fra fredags-øf)","3"
"2022/09/05 2:21:02 p.m. EET","Fredag","Øvingsforelesning fredag uke 1 og mandag uke 2 med tema knyttet til øving 3 (11 dager fra mandags-øf til innlevering. 14 dager fra fredags-øf))","3"
"2022/09/05 2:21:05 p.m. EET","Mandag - Fysisk","Øvingsforelesning fredag uke 2 og mandag uke 3 med tema knyttet til øving 3 (bare 4 dager fra mandags-øf til innlevering. 7 dager fra fredags-øf)","2"
"2022/09/05 2:21:07 p.m. EET","Mandag - Fysisk","Øvingsforelesning fredag uke 1 og mandag uke 2 med tema knyttet til øving 3 (11 dager fra mandags-øf til innlevering. 14 dager fra fredags-øf))","3"
"2022/09/05 2:21:10 p.m. EET","Mandag - Digital","Blanding av de to forrige alternativene, 50% innhold til øvingen som har innlevering om under en uke, og 50% innhold til neste.","4"
"2022/09/05 2:21:11 p.m. EET","Mandag - Fysisk","Blanding av de to forrige alternativene, 50% innhold til øvingen som har innlevering om under en uke, og 50% innhold til neste.","3"
"2022/09/05 2:21:12 p.m. EET","Mandag - Fysisk","Øvingsforelesning fredag uke 2 og mandag uke 3 med tema knyttet til øving 3 (bare 4 dager fra mandags-øf til innlevering. 7 dager fra fredags-øf)","3"
"2022/09/05 2:21:14 p.m. EET","Mandag - Fysisk","Øvingsforelesning fredag uke 1 og mandag uke 2 med tema knyttet til øving 3 (11 dager fra mandags-øf til innlevering. 14 dager fra fredags-øf))","2"
"2022/09/05 2:21:20 p.m. EET","Mandag - Digital","Øvingsforelesning fredag uke 1 og mandag uke 2 med tema knyttet til øving 3 (11 dager fra mandags-øf til innlevering. 14 dager fra fredags-øf))","3"
"2022/09/05 2:21:20 p.m. EET","Mandag - Fysisk","Øvingsforelesning fredag uke 2 og mandag uke 3 med tema knyttet til øving 3 (bare 4 dager fra mandags-øf til innlevering. 7 dager fra fredags-øf)","3"
"2022/09/05 2:21:25 p.m. EET","Mandag - Digital","Blanding av de to forrige alternativene, 50% innhold til øvingen som har innlevering om under en uke, og 50% innhold til neste.","3"
"2022/09/05 2:21:28 p.m. EET","Mandag - Fysisk","Blanding av de to forrige alternativene, 50% innhold til øvingen som har innlevering om under en uke, og 50% innhold til neste.","3"
"2022/09/05 2:21:32 p.m. EET","Mandag - Fysisk","Blanding av de to forrige alternativene, 50% innhold til øvingen som har innlevering om under en uke, og 50% innhold til neste.","2"
"2022/09/05 2:21:40 p.m. EET","Mandag - Fysisk","Øvingsforelesning fredag uke 1 og mandag uke 2 med tema knyttet til øving 3 (11 dager fra mandags-øf til innlevering. 14 dager fra fredags-øf))","1"
"2022/09/05 2:21:42 p.m. EET","Mandag - Fysisk","Øvingsforelesning fredag uke 1 og mandag uke 2 med tema knyttet til øving 3 (11 dager fra mandags-øf til innlevering. 14 dager fra fredags-øf))","3"
"2022/09/05 2:21:47 p.m. EET","Mandag - Fysisk","Øvingsforelesning fredag uke 2 og mandag uke 3 med tema knyttet til øving 3 (bare 4 dager fra mandags-øf til innlevering. 7 dager fra fredags-øf)","3"
"2022/09/05 2:21:57 p.m. EET","Mandag - Digital","Øvingsforelesning fredag uke 2 og mandag uke 3 med tema knyttet til øving 3 (bare 4 dager fra mandags-øf til innlevering. 7 dager fra fredags-øf)","3"
"2022/09/05 2:21:58 p.m. EET","Mandag - Digital","Blanding av de to forrige alternativene, 50% innhold til øvingen som har innlevering om under en uke, og 50% innhold til neste.","3"
"2022/09/05 2:22:00 p.m. EET","Mandag - Digital","Øvingsforelesning fredag uke 2 og mandag uke 3 med tema knyttet til øving 3 (bare 4 dager fra mandags-øf til innlevering. 7 dager fra fredags-øf)","3"
"2022/09/05 2:22:03 p.m. EET","Mandag - Fysisk","Øvingsforelesning fredag uke 1 og mandag uke 2 med tema knyttet til øving 3 (11 dager fra mandags-øf til innlevering. 14 dager fra fredags-øf))","3"
"2022/09/05 2:22:04 p.m. EET","Mandag - Fysisk","Øvingsforelesning fredag uke 2 og mandag uke 3 med tema knyttet til øving 3 (bare 4 dager fra mandags-øf til innlevering. 7 dager fra fredags-øf)","3"
"2022/09/05 2:22:05 p.m. EET","Mandag - Fysisk","Blanding av de to forrige alternativene, 50% innhold til øvingen som har innlevering om under en uke, og 50% innhold til neste.","4"
"2022/09/05 2:22:07 p.m. EET","Mandag - Fysisk","Blanding av de to forrige alternativene, 50% innhold til øvingen som har innlevering om under en uke, og 50% innhold til neste.","3"
"2022/09/05 2:22:08 p.m. EET","Mandag - Digital","Øvingsforelesning fredag uke 1 og mandag uke 2 med tema knyttet til øving 3 (11 dager fra mandags-øf til innlevering. 14 dager fra fredags-øf))","3"
"2022/09/05 2:22:13 p.m. EET","Mandag - Digital","Øvingsforelesning fredag uke 1 og mandag uke 2 med tema knyttet til øving 3 (11 dager fra mandags-øf til innlevering. 14 dager fra fredags-øf))","2"
"2022/09/05 2:22:16 p.m. EET","Mandag - Fysisk","Blanding av de to forrige alternativene, 50% innhold til øvingen som har innlevering om under en uke, og 50% innhold til neste.","3"
"2022/09/05 2:22:17 p.m. EET","Mandag - Fysisk","Blanding av de to forrige alternativene, 50% innhold til øvingen som har innlevering om under en uke, og 50% innhold til neste.","3"
"2022/09/05 2:22:22 p.m. EET","Mandag - Digital","Øvingsforelesning fredag uke 1 og mandag uke 2 med tema knyttet til øving 3 (11 dager fra mandags-øf til innlevering. 14 dager fra fredags-øf))","3"
"2022/09/05 2:22:28 p.m. EET","Mandag - Digital","Øvingsforelesning fredag uke 2 og mandag uke 3 med tema knyttet til øving 3 (bare 4 dager fra mandags-øf til innlevering. 7 dager fra fredags-øf)","1"
"2022/09/05 2:22:30 p.m. EET","Mandag - Digital","Øvingsforelesning fredag uke 1 og mandag uke 2 med tema knyttet til øving 3 (11 dager fra mandags-øf til innlevering. 14 dager fra fredags-øf))","3"
"2022/09/05 2:22:34 p.m. EET","Mandag - Digital","Øvingsforelesning fredag uke 1 og mandag uke 2 med tema knyttet til øving 3 (11 dager fra mandags-øf til innlevering. 14 dager fra fredags-øf))","3"
"2022/09/05 2:22:38 p.m. EET","Mandag - Fysisk","Blanding av de to forrige alternativene, 50% innhold til øvingen som har innlevering om under en uke, og 50% innhold til neste.","3"
"2022/09/05 2:22:54 p.m. EET","Mandag - Fysisk","Blanding av de to forrige alternativene, 50% innhold til øvingen som har innlevering om under en uke, og 50% innhold til neste.","3"
"2022/09/05 2:23:14 p.m. EET","Mandag - Digital","Øvingsforelesning fredag uke 1 og mandag uke 2 med tema knyttet til øving 3 (11 dager fra mandags-øf til innlevering. 14 dager fra fredags-øf))","3"
"2022/09/05 2:23:18 p.m. EET","Mandag - Fysisk","Øvingsforelesning fredag uke 1 og mandag uke 2 med tema knyttet til øving 3 (11 dager fra mandags-øf til innlevering. 14 dager fra fredags-øf))","3"
"2022/09/05 2:23:34 p.m. EET","Mandag - Fysisk","Øvingsforelesning fredag uke 1 og mandag uke 2 med tema knyttet til øving 3 (11 dager fra mandags-øf til innlevering. 14 dager fra fredags-øf))","4"
"2022/09/05 2:24:05 p.m. EET","Mandag - Fysisk","Øvingsforelesning fredag uke 1 og mandag uke 2 med tema knyttet til øving 3 (11 dager fra mandags-øf til innlevering. 14 dager fra fredags-øf))","3"
"2022/09/05 2:26:08 p.m. EET","Mandag - Digital","Øvingsforelesning fredag uke 1 og mandag uke 2 med tema knyttet til øving 3 (11 dager fra mandags-øf til innlevering. 14 dager fra fredags-øf))","1"
"2022/09/05 2:30:06 p.m. EET","Mandag - Digital","Blanding av de to forrige alternativene, 50% innhold til øvingen som har innlevering om under en uke, og 50% innhold til neste.","3"
"2022/09/05 2:33:19 p.m. EET","Mandag - Fysisk","Blanding av de to forrige alternativene, 50% innhold til øvingen som har innlevering om under en uke, og 50% innhold til neste.","2"
"2022/09/05 2:33:23 p.m. EET","Fredag","Blanding av de to forrige alternativene, 50% innhold til øvingen som har innlevering om under en uke, og 50% innhold til neste.","3"
"2022/09/05 2:34:37 p.m. EET","Mandag - Fysisk","Øvingsforelesning fredag uke 2 og mandag uke 3 med tema knyttet til øving 3 (bare 4 dager fra mandags-øf til innlevering. 7 dager fra fredags-øf)","2"
"2022/09/05 2:34:37 p.m. EET","Mandag - Fysisk","Øvingsforelesning fredag uke 2 og mandag uke 3 med tema knyttet til øving 3 (bare 4 dager fra mandags-øf til innlevering. 7 dager fra fredags-øf)","3"
"2022/09/05 2:37:59 p.m. EET","Mandag - Fysisk","Øvingsforelesning fredag uke 1 og mandag uke 2 med tema knyttet til øving 3 (11 dager fra mandags-øf til innlevering. 14 dager fra fredags-øf))","3"
"2022/09/05 2:43:34 p.m. EET","Mandag - Digital","","2"
"2022/09/05 2:51:05 p.m. EET","Mandag - Fysisk","Øvingsforelesning fredag uke 1 og mandag uke 2 med tema knyttet til øving 3 (11 dager fra mandags-øf til innlevering. 14 dager fra fredags-øf))","3"
"2022/09/05 2:54:02 p.m. EET","Mandag - Digital","Blanding av de to forrige alternativene, 50% innhold til øvingen som har innlevering om under en uke, og 50% innhold til neste.",""
"2022/09/05 2:56:41 p.m. EET","Mandag - Digital","Øvingsforelesning fredag uke 2 og mandag uke 3 med tema knyttet til øving 3 (bare 4 dager fra mandags-øf til innlevering. 7 dager fra fredags-øf)","2"
"2022/09/05 3:01:32 p.m. EET","Mandag - Digital","Blanding av de to forrige alternativene, 50% innhold til øvingen som har innlevering om under en uke, og 50% innhold til neste.","3"
"2022/09/05 3:02:24 p.m. EET","Mandag - Fysisk","Øvingsforelesning fredag uke 1 og mandag uke 2 med tema knyttet til øving 3 (11 dager fra mandags-øf til innlevering. 14 dager fra fredags-øf))","3"
"2022/09/05 3:03:46 p.m. EET","Fredag","Øvingsforelesning fredag uke 2 og mandag uke 3 med tema knyttet til øving 3 (bare 4 dager fra mandags-øf til innlevering. 7 dager fra fredags-øf)","3"
"2022/09/05 3:21:27 p.m. EET","Mandag - Digital","Blanding av de to forrige alternativene, 50% innhold til øvingen som har innlevering om under en uke, og 50% innhold til neste.","1"
"2022/09/05 3:26:31 p.m. EET","Mandag - Digital","Øvingsforelesning fredag uke 1 og mandag uke 2 med tema knyttet til øving 3 (11 dager fra mandags-øf til innlevering. 14 dager fra fredags-øf))","2"
"2022/09/05 3:41:24 p.m. EET","Fredag","Øvingsforelesning fredag uke 1 og mandag uke 2 med tema knyttet til øving 3 (11 dager fra mandags-øf til innlevering. 14 dager fra fredags-øf))","3"
"2022/09/05 3:58:53 p.m. EET","Mandag - Fysisk","Blanding av de to forrige alternativene, 50% innhold til øvingen som har innlevering om under en uke, og 50% innhold til neste.","3"
"2022/09/05 3:59:19 p.m. EET","Mandag - Fysisk","Blanding av de to forrige alternativene, 50% innhold til øvingen som har innlevering om under en uke, og 50% innhold til neste.","5"
"2022/09/05 3:59:20 p.m. EET","Mandag - Fysisk","Øvingsforelesning fredag uke 1 og mandag uke 2 med tema knyttet til øving 3 (11 dager fra mandags-øf til innlevering. 14 dager fra fredags-øf))","4"
"2022/09/05 3:59:23 p.m. EET","Mandag - Fysisk","Øvingsforelesning fredag uke 2 og mandag uke 3 med tema knyttet til øving 3 (bare 4 dager fra mandags-øf til innlevering. 7 dager fra fredags-øf)","2"
"2022/09/05 3:59:29 p.m. EET","Mandag - Fysisk","Øvingsforelesning fredag uke 2 og mandag uke 3 med tema knyttet til øving 3 (bare 4 dager fra mandags-øf til innlevering. 7 dager fra fredags-øf)","2"
"2022/09/05 3:59:32 p.m. EET","Mandag - Fysisk","Øvingsforelesning fredag uke 2 og mandag uke 3 med tema knyttet til øving 3 (bare 4 dager fra mandags-øf til innlevering. 7 dager fra fredags-øf)","3"
"2022/09/05 3:59:33 p.m. EET","Mandag - Fysisk","Blanding av de to forrige alternativene, 50% innhold til øvingen som har innlevering om under en uke, og 50% innhold til neste.",""
"2022/09/05 3:59:44 p.m. EET","Mandag - Fysisk","Blanding av de to forrige alternativene, 50% innhold til øvingen som har innlevering om under en uke, og 50% innhold til neste.",""
"2022/09/05 3:59:44 p.m. EET","Mandag - Fysisk","","3"
"2022/09/05 3:59:50 p.m. EET","Mandag - Fysisk","Øvingsforelesning fredag uke 1 og mandag uke 2 med tema knyttet til øving 3 (11 dager fra mandags-øf til innlevering. 14 dager fra fredags-øf))","3"
"2022/09/05 3:59:52 p.m. EET","Mandag - Fysisk","Blanding av de to forrige alternativene, 50% innhold til øvingen som har innlevering om under en uke, og 50% innhold til neste.","3"
"2022/09/05 3:59:52 p.m. EET","Mandag - Fysisk","Øvingsforelesning fredag uke 2 og mandag uke 3 med tema knyttet til øving 3 (bare 4 dager fra mandags-øf til innlevering. 7 dager fra fredags-øf)","3"
"2022/09/05 3:59:53 p.m. EET","Mandag - Fysisk","Øvingsforelesning fredag uke 1 og mandag uke 2 med tema knyttet til øving 3 (11 dager fra mandags-øf til innlevering. 14 dager fra fredags-øf))","3"
"2022/09/05 4:00:12 p.m. EET","Mandag - Digital","Blanding av de to forrige alternativene, 50% innhold til øvingen som har innlevering om under en uke, og 50% innhold til neste.","4"
"2022/09/05 4:00:25 p.m. EET","Mandag - Digital","Blanding av de to forrige alternativene, 50% innhold til øvingen som har innlevering om under en uke, og 50% innhold til neste.","2"
"2022/09/05 4:00:37 p.m. EET","Fredag","Øvingsforelesning fredag uke 2 og mandag uke 3 med tema knyttet til øving 3 (bare 4 dager fra mandags-øf til innlevering. 7 dager fra fredags-øf)",""
"2022/09/05 4:00:39 p.m. EET","Mandag - Digital","Blanding av de to forrige alternativene, 50% innhold til øvingen som har innlevering om under en uke, og 50% innhold til neste.","2"
"2022/09/05 4:00:49 p.m. EET","Mandag - Fysisk","Øvingsforelesning fredag uke 2 og mandag uke 3 med tema knyttet til øving 3 (bare 4 dager fra mandags-øf til innlevering. 7 dager fra fredags-øf)","3"
"2022/09/05 4:00:59 p.m. EET","Mandag - Digital","Øvingsforelesning fredag uke 1 og mandag uke 2 med tema knyttet til øving 3 (11 dager fra mandags-øf til innlevering. 14 dager fra fredags-øf))","3"
"2022/09/05 4:01:20 p.m. EET","Mandag - Fysisk","Øvingsforelesning fredag uke 1 og mandag uke 2 med tema knyttet til øving 3 (11 dager fra mandags-øf til innlevering. 14 dager fra fredags-øf))","1"
"2022/09/05 4:01:22 p.m. EET","Fredag","Blanding av de to forrige alternativene, 50% innhold til øvingen som har innlevering om under en uke, og 50% innhold til neste.","3"
"2022/09/05 4:02:10 p.m. EET","Mandag - Fysisk","Øvingsforelesning fredag uke 1 og mandag uke 2 med tema knyttet til øving 3 (11 dager fra mandags-øf til innlevering. 14 dager fra fredags-øf))","3"
"2022/09/05 4:02:13 p.m. EET","Mandag - Digital","Øvingsforelesning fredag uke 2 og mandag uke 3 med tema knyttet til øving 3 (bare 4 dager fra mandags-øf til innlevering. 7 dager fra fredags-øf)","2"
"2022/09/05 4:03:10 p.m. EET","Mandag - Fysisk","Øvingsforelesning fredag uke 1 og mandag uke 2 med tema knyttet til øving 3 (11 dager fra mandags-øf til innlevering. 14 dager fra fredags-øf))","2"
"2022/09/05 4:03:17 p.m. EET","Mandag - Fysisk","Øvingsforelesning fredag uke 1 og mandag uke 2 med tema knyttet til øving 3 (11 dager fra mandags-øf til innlevering. 14 dager fra fredags-øf))","2"
"2022/09/05 4:10:02 p.m. EET","Mandag - Digital","Øvingsforelesning fredag uke 1 og mandag uke 2 med tema knyttet til øving 3 (11 dager fra mandags-øf til innlevering. 14 dager fra fredags-øf))","3"
"2022/09/05 4:15:54 p.m. EET","Mandag - Digital","Øvingsforelesning fredag uke 1 og mandag uke 2 med tema knyttet til øving 3 (11 dager fra mandags-øf til innlevering. 14 dager fra fredags-øf))","3"
"2022/09/05 4:17:13 p.m. EET","Fredag","Blanding av de to forrige alternativene, 50% innhold til øvingen som har innlevering om under en uke, og 50% innhold til neste.","2"
"2022/09/05 4:25:44 p.m. EET","Mandag - Fysisk","Øvingsforelesning fredag uke 1 og mandag uke 2 med tema knyttet til øving 3 (11 dager fra mandags-øf til innlevering. 14 dager fra fredags-øf))","1"
"2022/09/05 4:37:28 p.m. EET","Mandag - Digital","Øvingsforelesning fredag uke 1 og mandag uke 2 med tema knyttet til øving 3 (11 dager fra mandags-øf til innlevering. 14 dager fra fredags-øf))","3"
"2022/09/05 4:57:55 p.m. EET","Mandag - Digital","Øvingsforelesning fredag uke 2 og mandag uke 3 med tema knyttet til øving 3 (bare 4 dager fra mandags-øf til innlevering. 7 dager fra fredags-øf)","3"
"2022/09/05 5:01:04 p.m. EET","Mandag - Fysisk","Blanding av de to forrige alternativene, 50% innhold til øvingen som har innlevering om under en uke, og 50% innhold til neste.","3"
"2022/09/05 5:36:53 p.m. EET","Fredag","Øvingsforelesning fredag uke 2 og mandag uke 3 med tema knyttet til øving 3 (bare 4 dager fra mandags-øf til innlevering. 7 dager fra fredags-øf)","2"
"2022/09/05 5:52:16 p.m. EET","Mandag - Digital","Øvingsforelesning fredag uke 1 og mandag uke 2 med tema knyttet til øving 3 (11 dager fra mandags-øf til innlevering. 14 dager fra fredags-øf))","5"
"2022/09/05 6:14:58 p.m. EET","Mandag - Digital","Blanding av de to forrige alternativene, 50% innhold til øvingen som har innlevering om under en uke, og 50% innhold til neste.","2"
"2022/09/05 7:26:59 p.m. EET","Mandag - Fysisk","Blanding av de to forrige alternativene, 50% innhold til øvingen som har innlevering om under en uke, og 50% innhold til neste.","2"
"2022/09/05 7:29:56 p.m. EET","Mandag - Fysisk","Øvingsforelesning fredag uke 1 og mandag uke 2 med tema knyttet til øving 3 (11 dager fra mandags-øf til innlevering. 14 dager fra fredags-øf))","3"
"2022/09/05 8:01:51 p.m. EET","Mandag - Fysisk","Øvingsforelesning fredag uke 1 og mandag uke 2 med tema knyttet til øving 3 (11 dager fra mandags-øf til innlevering. 14 dager fra fredags-øf))","3"
"2022/09/05 8:40:01 p.m. EET","Mandag - Fysisk","Blanding av de to forrige alternativene, 50% innhold til øvingen som har innlevering om under en uke, og 50% innhold til neste.","5"
"2022/09/05 9:30:36 p.m. EET","Mandag - Fysisk","Øvingsforelesning fredag uke 1 og mandag uke 2 med tema knyttet til øving 3 (11 dager fra mandags-øf til innlevering. 14 dager fra fredags-øf))","3"
"2022/09/06 9:24:35 a.m. EET","Fredag","Blanding av de to forrige alternativene, 50% innhold til øvingen som har innlevering om under en uke, og 50% innhold til neste.","2"
"2022/09/06 9:43:54 a.m. EET","Mandag - Digital","Blanding av de to forrige alternativene, 50% innhold til øvingen som har innlevering om under en uke, og 50% innhold til neste.","3"
"2022/09/06 10:22:08 a.m. EET","Mandag - Digital","Øvingsforelesning fredag uke 1 og mandag uke 2 med tema knyttet til øving 3 (11 dager fra mandags-øf til innlevering. 14 dager fra fredags-øf))",""
"2022/09/06 10:46:28 a.m. EET","Mandag - Fysisk","Øvingsforelesning fredag uke 1 og mandag uke 2 med tema knyttet til øving 3 (11 dager fra mandags-øf til innlevering. 14 dager fra fredags-øf))","1"
"2022/09/06 11:37:05 a.m. EET","Mandag - Fysisk","Øvingsforelesning fredag uke 2 og mandag uke 3 med tema knyttet til øving 3 (bare 4 dager fra mandags-øf til innlevering. 7 dager fra fredags-øf)","3"
"2022/09/06 11:38:07 a.m. EET","Fredag","Øvingsforelesning fredag uke 1 og mandag uke 2 med tema knyttet til øving 3 (11 dager fra mandags-øf til innlevering. 14 dager fra fredags-øf))","3"
"2022/09/06 11:45:08 a.m. EET","Fredag","Øvingsforelesning fredag uke 2 og mandag uke 3 med tema knyttet til øving 3 (bare 4 dager fra mandags-øf til innlevering. 7 dager fra fredags-øf)","3"
"2022/09/06 6:29:23 p.m. EET","Mandag - Digital","Øvingsforelesning fredag uke 2 og mandag uke 3 med tema knyttet til øving 3 (bare 4 dager fra mandags-øf til innlevering. 7 dager fra fredags-øf)","3"
"2022/09/07 8:14:35 a.m. EET","Mandag - Digital","Blanding av de to forrige alternativene, 50% innhold til øvingen som har innlevering om under en uke, og 50% innhold til neste.","3"
"2022/09/07 10:52:49 a.m. EET","Mandag - Fysisk","Øvingsforelesning fredag uke 1 og mandag uke 2 med tema knyttet til øving 3 (11 dager fra mandags-øf til innlevering. 14 dager fra fredags-øf))","3"
"2022/09/07 12:08:32 p.m. EET","Fredag","Øvingsforelesning fredag uke 1 og mandag uke 2 med tema knyttet til øving 3 (11 dager fra mandags-øf til innlevering. 14 dager fra fredags-øf))","4"
"2022/09/07 1:11:06 p.m. EET","Mandag - Digital","Øvingsforelesning fredag uke 1 og mandag uke 2 med tema knyttet til øving 3 (11 dager fra mandags-øf til innlevering. 14 dager fra fredags-øf))",""
"2022/09/07 1:42:20 p.m. EET","Mandag - Fysisk","Øvingsforelesning fredag uke 1 og mandag uke 2 med tema knyttet til øving 3 (11 dager fra mandags-øf til innlevering. 14 dager fra fredags-øf))","3"